{"height": 320, "width": 320, "planes": 9, "samples": 49, "format": "jpg", "quality": 95, "type": "neural", "colorspace": "bgr", "max": [30.551456451416016, 11.95083236694336, 8.431326866149902, 35.85980987548828, 26.173412322998047, 30.456287384033203, 37.677467346191406, 35.34514617919922, 14.357473373413086], "min": [-26.787616729736328, -12.581622123718262, -24.0797176361084, -8.05629825592041, -11.614819526672363, -18.514392852783203, -15.90090560913086, -30.692813873291016, -24.493392944335938], "weights": [[0.003979, 0.019891, -0.09852, -0.054833, 0.031741, 0.02671, 0.024876, 0.087496, 0.368426, 3.769044, -6.38056, 0.0, 0.14606, 0.106513, -0.066804, -0.095897, 0.016626, 0.05987, 0.03444, -0.276395, 0.287467, 5.281961, 9.052807, 0.0, 0.171693, -0.008761, 0.126498, 0.08359, -0.017395, 0.033881, -0.20165, 0.395149, 0.200084, 6.667958, -7.849052, 0.0, 0.002256, 0.038164, 0.045623, 0.000589, 0.004652, -0.071598, 0.070587, 0.032424, -0.002547, 7.714302, 1.031886, 0.0, 0.242875, -0.006405, -0.076214, 0.081039, -0.011152, -0.022202, -0.022369, -0.08171, -0.118765, 4.141828, 4.918628, 0.0, -0.003007, -0.032637, 0.025789, 0.026152, -0.138377, 0.002651, -0.091819, 0.032099, -0.018787, -3.827857, 7.233218, 0.0, -0.283993, 0.002729, -0.049458, -0.064501, -0.022966, 0.063062, 0.033166, 0.020939, 0.26644, -5.493489, -5.145739, 0.0, -0.144441, -0.03401, 0.034665, -0.061329, 0.039238, 0.015061, -0.048699, -0.28782, 0.100862, -5.150102, 4.551865, 0.0, -0.155975, 0.012178, 0.701465, 0.24128, 0.000173, 0.21689, 0.059943, -0.192988, 0.622371, 0.177661, 0.190693, 0.0, -0.048409, -0.084778, 0.113303, -0.148852, 0.119799, 0.009853, -0.12066, -0.101648, 0.350243, 0.264879, 0.265741, 0.0, -0.291181, 0.025056, -0.061012, 0.096713, -0.038198, -0.120865, 0.113123, 0.150542, -0.193985, -5.874614, -4.210675, 0.0, -0.003705, -0.022019, -0.656973, -0.290123, -0.038084, -0.105907, -0.026254, -0.01228, -0.034268, 0.146423, -0.171371, 0.0, -0.05118, -0.036687, 0.401843, -0.025362, 0.168162, 0.195698, -0.12564, -0.1148, 0.068349, -0.1811, 0.819238, 0.0, -0.252666, 0.03899, -0.031335, -0.203374, -0.14853, -0.089395, -0.090857, -0.136852, 0.332846, -2.116059, 0.425525, 0.0, -0.083696, 0.005923, -0.086491, -0.178833, 0.017563, 0.032809, 0.022858, -0.182496, 0.434548, 0.500351, -0.085837, 0.0, 0.018073, -0.019363, 0.030504, -0.065999, 0.041361, -0.044302, -0.050556, 0.017739, -0.046303, -1.188312, -8.166749, 0.0, 0.183059, -0.032579, -0.041153, -0.052127, -0.023026, -0.051553, 0.203626, -0.023856, 0.309182, 8.490507, 0.324259, 0.0, 0.19863, -0.010686, 0.063365, -0.284909, -0.043614, -0.296737, 0.048689, -0.043063, 0.178732, 1.70022, -0.337808, 0.0, 0.017102, -0.031227, -0.015627, 0.00669, -0.078552, -0.005314, -0.173728, -0.051896, 0.115396, -8.241308, -0.953194, 0.0, -0.053331, -0.03051, -0.027424, 0.372393, 0.108259, -0.15465, -0.168839, -0.181254, 0.063173, -0.731793, 0.88051, 0.0], [0.000304, 0.000394, 0.000142, 0.001316, -0.000683, 0.000667, -7e-06, 2.8e-05, -0.000366, 0.112674, -0.000176, 0.000228, 0.000121, -0.001003, -0.01898, -1.5e-05, -0.001703, 0.000477, 0.000656, -0.000109, -0.005466, -0.049074, -0.004044, 0.042148, -0.037005, 0.005569, 0.036585, -0.001166, 0.035238, -0.027147, -0.005432, 0.02926, 0.047108, -0.082613, 0.049371, -0.009847, -0.033125, 0.04184, -0.029471, 0.008076, -0.232891, -0.142605, -0.038132, -0.009118, -0.109934, 0.01173, -0.081425, -0.131813, -0.047324, 0.285664, -0.085546, -0.013322, -0.124865, -0.093341, -0.056347, 0.00515, -0.204926, 0.068563, -0.036878, 0.075166, -0.265379, 0.052023, 0.039543, 1.762048, 0.02526, 1.407334, 0.184396, -0.275306, -0.070558, 1.882525, -0.735851, -0.144758, -0.062134, 0.001263, 0.924981, 1.745602, -0.276387, -0.812539, 0.645299, -0.340845, -0.414732, -0.285074, -0.160685, 0.256718, -0.194456, 0.110389, -0.498794, -0.409514, -0.578717, 0.699601, -0.15037, 0.050507, -0.122773, 0.05012, 0.75742, 0.16894, -0.620158, 0.054336, 0.149362, -0.17366, -0.008042, 0.027654, -0.189226, 1.623261, 0.034502, 1.099508, -0.422451, -0.118522, -0.341095, 1.440836, -0.172117, 0.253476, -0.607288, -0.072027, 1.603612, 1.420266, -0.533268, 0.019551, 1.264924, -0.510433, 0.001016, 0.002284, 8.4e-05, -0.005383, 0.000303, -0.003442, 0.001004, -0.002074, 0.003317, -0.098069, -0.001114, -0.000175, 3.4e-05, -0.001081, -0.052415, -0.002428, 0.003306, 0.002429, -0.001558, 0.002782, -0.037543, 0.002693, 0.004241, 0.036229, -0.018783, 0.008217, 0.002399, 0.020771, -0.016141, 0.028785, -0.034845, -0.00565, -0.007429, 0.034974, 0.029389, 0.030294, -0.049325, -0.001249, 0.056184, -0.038024, -0.070372, -0.048462, -0.054874, -0.107152, -0.00458, -0.13987, -0.091154, -0.04336, -0.158924, 0.15882, 0.016818, 0.140072, 0.00422, -0.037383, 0.105507, -0.154036, -0.063873, 0.019379, -0.248838, 0.023788, -0.003205, -0.00352, -0.00055, 0.007902, 2.1e-05, 0.004135, 7.5e-05, 0.003828, -0.006085, -0.044478, 0.000154, -0.000571, 0.000355, 0.003505, 0.123619, 0.004443, -0.004332, -0.003439, 0.004713, -0.005365, -0.600753, -0.028618, -0.912181, -0.011254, -1.646394, 0.127226, -0.202706, -2.357607, -1.047876, 2.103793, -1.174215, -0.322071, 0.163746, 0.084078, 1.046476, -0.079936, -0.141389, 0.120778, 0.124529, -0.189952, -0.489081, -0.39055, 0.027961, 0.654073, -0.079085, 0.622782, 0.080747, 0.412906, 0.038124, 1.268265, 0.110934, -0.150207, -0.113591, -0.508736, 0.55618, 0.716502, 0.089227, 0.314357, 1.005029, -0.137259, -0.021931, 0.006262, 0.001128, 0.026826, -0.015952, 0.012341, 0.015479, 0.005607, -0.016873, -0.043963, -0.012564, 0.002965, 0.001378, -0.001791, 0.125909, 0.010085, -0.017473, -0.00158, 0.02049, -0.012642, -0.324341, -0.218294, -0.417052, 0.080768, -0.78035, -0.110835, -0.441217, -0.883977, 0.103682, 1.088927, -0.559724, 0.058961, 0.074641, 0.306488, 0.727877, -0.00117, -0.228583, 0.149749, 0.158325, -0.057988, -0.334969, -0.198781, -0.03623, -0.00532, -0.064622, -0.045439, -0.231814, -0.217987, -0.063376, 0.90287, -0.006019, -1.50525, 0.020274, -0.106876, 0.344199, -0.061306, -0.331026, 0.042007, -0.097144, -0.055648, -0.06699, 0.101732, -0.091923, -0.379229, -0.171669, -0.192335, 0.307959, 0.056863, -0.052747, -0.031631, -0.247146, -0.128776, 0.034125, 0.227953, -0.318928, -0.218423, 0.249266, 0.055717, -0.407037, 0.008281, -0.597128, -0.413593, -0.232415, 0.298142, -0.266594, 0.264663, -0.759147, -0.700094, 0.132799, 0.952355, -0.233073, 0.194126, -0.353427, -0.041379, 0.732796, 0.249872, -1.120519, 0.074378, 0.171301, -0.19169, 0.190646, -0.168196, 0.079922, 0.408382, -0.047751, 0.14944, 0.199663, -0.176162, -0.000774, 0.285623, 0.026727, -0.079959, -0.25257, -0.047276, 0.029991, 0.195864, 0.051801, 0.007601, 0.489832, -0.094113, -0.750737, -0.373534, -0.051077, 0.085094, -0.133486, -0.080201, -0.381806, -0.367989, -0.104637, 0.35989, -0.107897, -0.229219, 0.085024, -0.245689, -0.091502, 0.037331, -0.614193, -0.05206, -0.057291, -0.121305, 0.06136, 0.1187, 0.047686, 0.871951, 0.205525, 0.742208, -0.089031, 0.124296, -0.0144, 1.197917, -0.077337, -0.047871, -0.111478, 0.141018, 0.319986, 0.934922, -0.078988, 0.08001, -0.04505, 0.000797], [0.000156, 0.014891, -0.031348, -0.042434, 0.000844, -0.021692, -0.001893, 0.019708, -0.01745, 0.003831, 0.055655, -0.03053, 0.007821, 0.147387, 0.034701, -0.022615, 0.081264, -0.021337, 0.060647, -0.024133, 9e-06, -0.016848, 0.027327, -0.020399, 0.112561, -0.075967, -0.001275, 0.007589, 0.060167, 0.002651, 0.141247, -0.014918, 0.004842, 0.028198, -0.145129, -0.016838, 0.048893, -0.011906, 0.042715, -0.014674, -0.000267, 0.00048, 0.040211, -0.064565, -0.026442, -0.031666, 0.002633, -0.020216, -0.023291, -0.004933, 0.011683, -0.058831, -0.010336, 0.15999, 0.034897, -0.04427, 0.103872, -0.046108, 0.093107, -0.058898]],